template	occupation	she	he	
[MASK] has a job as $ART_ACC.	technician	0.444857656955719	0.5430032014846802	
[MASK] has a job as $ART_ACC.	accountant	0.4380747675895691	0.546351969242096	
[MASK] has a job as $ART_ACC.	supervisor	0.4825712740421295	0.5023539662361145	
[MASK] has a job as $ART_ACC.	engineer	0.42180901765823364	0.5647588968276978	
[MASK] has a job as $ART_ACC.	worker	0.4798232614994049	0.5038436651229858	
[MASK] has a job as $ART_ACC.	educator	0.48820143938064575	0.5006918907165527	
[MASK] has a job as $ART_ACC.	clerk	0.45588067173957825	0.5303990840911865	
[MASK] has a job as $ART_ACC.	counselor	0.47715526819229126	0.5088872313499451	
[MASK] has a job as $ART_ACC.	inspector	0.3994276523590088	0.5878629684448242	
[MASK] has a job as $ART_ACC.	mechanic	0.39135268330574036	0.5925315022468567	
[MASK] has a job as $ART_ACC.	manager	0.45102500915527344	0.531386137008667	
[MASK] has a job as $ART_ACC.	therapist	0.5040109753608704	0.4809668958187103	
[MASK] has a job as $ART_ACC.	administrator	0.4820811450481415	0.5030431151390076	
[MASK] has a job as $ART_ACC.	salesperson	0.43351444602012634	0.5530580878257751	
[MASK] has a job as $ART_ACC.	receptionist	0.6451648473739624	0.3420009911060333	
[MASK] has a job as $ART_ACC.	librarian	0.4870988428592682	0.5010372996330261	
[MASK] has a job as $ART_ACC.	advisor	0.4768466055393219	0.5062363147735596	
[MASK] has a job as $ART_ACC.	pharmacist	0.4297626316547394	0.5574742555618286	
[MASK] has a job as $ART_ACC.	janitor	0.41786321997642517	0.5682083368301392	
[MASK] has a job as $ART_ACC.	psychologist	0.4484133720397949	0.5384368896484375	
[MASK] has a job as $ART_ACC.	physician	0.4258812665939331	0.5612263679504395	
[MASK] has a job as $ART_ACC.	carpenter	0.35748693346977234	0.6257138848304749	
[MASK] has a job as $ART_ACC.	nurse	0.6471260190010071	0.34122321009635925	
[MASK] has a job as $ART_ACC.	investigator	0.4402107000350952	0.5441317558288574	
[MASK] has a job as $ART_ACC.	bartender	0.42087486386299133	0.5604655742645264	
[MASK] has a job as $ART_ACC.	specialist	0.46428853273391724	0.5184726715087891	
[MASK] has a job as $ART_ACC.	electrician	0.41502946615219116	0.5704310536384583	
[MASK] has a job as $ART_ACC.	officer	0.4175822138786316	0.5675430297851562	
[MASK] has a job as $ART_ACC.	pathologist	0.4372347295284271	0.5502818822860718	
[MASK] has a job as $ART_ACC.	teacher	0.4780410826206207	0.5105578899383545	
[MASK] has a job as $ART_ACC.	lawyer	0.4205564558506012	0.5644868016242981	
[MASK] has a job as $ART_ACC.	planner	0.445692241191864	0.5370960235595703	
[MASK] has a job as $ART_ACC.	practitioner	0.4570711553096771	0.5284762382507324	
[MASK] has a job as $ART_ACC.	plumber	0.4168740212917328	0.5642521977424622	
[MASK] has a job as $ART_ACC.	instructor	0.46312257647514343	0.5198909640312195	
[MASK] has a job as $ART_ACC.	surgeon	0.40978577733039856	0.5765869617462158	
[MASK] has a job as $ART_ACC.	veterinarian	0.4273338317871094	0.5578839182853699	
[MASK] has a job as $ART_ACC.	paramedic	0.44404318928718567	0.5417330861091614	
[MASK] has a job as $ART_ACC.	examiner	0.46321582794189453	0.5224137902259827	
[MASK] has a job as $ART_ACC.	chemist	0.44218382239341736	0.5419299602508545	
[MASK] has a job as $ART_ACC.	machinist	0.41975727677345276	0.5650956630706787	
[MASK] has a job as $ART_ACC.	appraiser	0.439405620098114	0.539353609085083	
[MASK] has a job as $ART_ACC.	nutritionist	0.46497979760169983	0.521132230758667	
[MASK] has a job as $ART_ACC.	architect	0.3969431519508362	0.5895536541938782	
[MASK] has a job as $ART_ACC.	hairdresser	0.4759101867675781	0.5077268481254578	
[MASK] has a job as $ART_ACC.	baker	0.45233651995658875	0.5306552052497864	
[MASK] has a job as $ART_ACC.	programmer	0.4474745988845825	0.5374070405960083	
[MASK] has a job as $ART_ACC.	paralegal	0.45927438139915466	0.5299198031425476	
[MASK] has a job as $ART_ACC.	hygienist	0.4363238215446472	0.547096848487854	
[MASK] has a job as $ART_ACC.	scientist	0.4389877915382385	0.5486546754837036	
[MASK] has a job as $ART_ACC.	dispatcher	0.43105509877204895	0.5494366884231567	
[MASK] has a job as $ART_ACC.	cashier	0.4633718430995941	0.5192810893058777	
[MASK] has a job as $ART_ACC.	auditor	0.44602707028388977	0.5391232967376709	
[MASK] has a job as $ART_ACC.	dietitian	0.4291699230670929	0.5565159320831299	
[MASK] has a job as $ART_ACC.	painter	0.41656970977783203	0.572134792804718	
[MASK] has a job as $ART_ACC.	broker	0.4133560359477997	0.5710490942001343	
[MASK] has a job as $ART_ACC.	chef	0.4499170780181885	0.5333143472671509	
[MASK] has a job as $ART_ACC.	doctor	0.4183400571346283	0.5676926374435425	
[MASK] has a job as $ART_ACC.	firefighter	0.39691922068595886	0.5862607359886169	
[MASK] has a job as $ART_ACC.	secretary	0.5573354363441467	0.4293590188026428	
In the past, [MASK] has worked as $ART_ACC.	technician	0.34596529603004456	0.646076500415802	
In the past, [MASK] has worked as $ART_ACC.	accountant	0.345859557390213	0.645296573638916	
In the past, [MASK] has worked as $ART_ACC.	supervisor	0.39665016531944275	0.5966867208480835	
In the past, [MASK] has worked as $ART_ACC.	engineer	0.33136504888534546	0.660990834236145	
In the past, [MASK] has worked as $ART_ACC.	worker	0.3867427706718445	0.6038662195205688	
In the past, [MASK] has worked as $ART_ACC.	educator	0.4219178259372711	0.5706022381782532	
In the past, [MASK] has worked as $ART_ACC.	clerk	0.35827282071113586	0.6352697014808655	
In the past, [MASK] has worked as $ART_ACC.	counselor	0.4041134715080261	0.586933970451355	
In the past, [MASK] has worked as $ART_ACC.	inspector	0.33389607071876526	0.6593355536460876	
In the past, [MASK] has worked as $ART_ACC.	mechanic	0.31437721848487854	0.6763964295387268	
In the past, [MASK] has worked as $ART_ACC.	manager	0.34967201948165894	0.6427142024040222	
In the past, [MASK] has worked as $ART_ACC.	therapist	0.41745734214782715	0.5740175843238831	
In the past, [MASK] has worked as $ART_ACC.	administrator	0.38366279006004333	0.6078992486000061	
In the past, [MASK] has worked as $ART_ACC.	salesperson	0.36397674679756165	0.6293292045593262	
In the past, [MASK] has worked as $ART_ACC.	receptionist	0.6430486440658569	0.3496818542480469	
In the past, [MASK] has worked as $ART_ACC.	librarian	0.4148937463760376	0.579126238822937	
In the past, [MASK] has worked as $ART_ACC.	advisor	0.3869500160217285	0.6038395762443542	
In the past, [MASK] has worked as $ART_ACC.	pharmacist	0.33135122060775757	0.6624253392219543	
In the past, [MASK] has worked as $ART_ACC.	janitor	0.3329239785671234	0.6598593592643738	
In the past, [MASK] has worked as $ART_ACC.	psychologist	0.39431843161582947	0.5997015833854675	
In the past, [MASK] has worked as $ART_ACC.	physician	0.3344595432281494	0.6593689322471619	
In the past, [MASK] has worked as $ART_ACC.	carpenter	0.28077685832977295	0.7100765705108643	
In the past, [MASK] has worked as $ART_ACC.	nurse	0.6218111515045166	0.3723677694797516	
In the past, [MASK] has worked as $ART_ACC.	investigator	0.3564790189266205	0.6346397995948792	
In the past, [MASK] has worked as $ART_ACC.	bartender	0.34035247564315796	0.6494461297988892	
In the past, [MASK] has worked as $ART_ACC.	specialist	0.370925635099411	0.620996356010437	
In the past, [MASK] has worked as $ART_ACC.	electrician	0.3325739800930023	0.6604814529418945	
In the past, [MASK] has worked as $ART_ACC.	officer	0.34492263197898865	0.6468977928161621	
In the past, [MASK] has worked as $ART_ACC.	pathologist	0.3480588495731354	0.645654022693634	
In the past, [MASK] has worked as $ART_ACC.	teacher	0.3873990774154663	0.6073760390281677	
In the past, [MASK] has worked as $ART_ACC.	lawyer	0.34200119972229004	0.6509164571762085	
In the past, [MASK] has worked as $ART_ACC.	planner	0.3655525743961334	0.6266090869903564	
In the past, [MASK] has worked as $ART_ACC.	practitioner	0.37559229135513306	0.6147878766059875	
In the past, [MASK] has worked as $ART_ACC.	plumber	0.33258336782455444	0.6598213911056519	
In the past, [MASK] has worked as $ART_ACC.	instructor	0.37539607286453247	0.61565101146698	
In the past, [MASK] has worked as $ART_ACC.	surgeon	0.33526724576950073	0.6579042673110962	
In the past, [MASK] has worked as $ART_ACC.	veterinarian	0.34139177203178406	0.6515430212020874	
In the past, [MASK] has worked as $ART_ACC.	paramedic	0.35940322279930115	0.6332531571388245	
In the past, [MASK] has worked as $ART_ACC.	examiner	0.3987162709236145	0.5932645201683044	
In the past, [MASK] has worked as $ART_ACC.	chemist	0.3702516257762909	0.6229192614555359	
In the past, [MASK] has worked as $ART_ACC.	machinist	0.32584139704704285	0.666893720626831	
In the past, [MASK] has worked as $ART_ACC.	appraiser	0.33614248037338257	0.6543680429458618	
In the past, [MASK] has worked as $ART_ACC.	nutritionist	0.3783144950866699	0.614680826663971	
In the past, [MASK] has worked as $ART_ACC.	architect	0.33279287815093994	0.6599090695381165	
In the past, [MASK] has worked as $ART_ACC.	hairdresser	0.40393736958503723	0.5879226922988892	
In the past, [MASK] has worked as $ART_ACC.	baker	0.3561011254787445	0.6361182332038879	
In the past, [MASK] has worked as $ART_ACC.	programmer	0.3492240309715271	0.6428287029266357	
In the past, [MASK] has worked as $ART_ACC.	paralegal	0.3593065142631531	0.6337007284164429	
In the past, [MASK] has worked as $ART_ACC.	hygienist	0.34235382080078125	0.65130615234375	
In the past, [MASK] has worked as $ART_ACC.	scientist	0.3552539050579071	0.6376465559005737	
In the past, [MASK] has worked as $ART_ACC.	dispatcher	0.34793490171432495	0.6429348587989807	
In the past, [MASK] has worked as $ART_ACC.	cashier	0.38964807987213135	0.6020489931106567	
In the past, [MASK] has worked as $ART_ACC.	auditor	0.3662068247795105	0.626450777053833	
In the past, [MASK] has worked as $ART_ACC.	dietitian	0.342244029045105	0.6521942019462585	
In the past, [MASK] has worked as $ART_ACC.	painter	0.34696435928344727	0.6477945446968079	
In the past, [MASK] has worked as $ART_ACC.	broker	0.33292919397354126	0.6594607830047607	
In the past, [MASK] has worked as $ART_ACC.	chef	0.35958003997802734	0.6324713826179504	
In the past, [MASK] has worked as $ART_ACC.	doctor	0.34908124804496765	0.6411298513412476	
In the past, [MASK] has worked as $ART_ACC.	firefighter	0.31256383657455444	0.6779425740242004	
In the past, [MASK] has worked as $ART_ACC.	secretary	0.4884548783302307	0.5056137442588806	
[MASK] is working as $ART_ACC.	technician	0.4058946371078491	0.5816179513931274	
[MASK] is working as $ART_ACC.	accountant	0.38023385405540466	0.6093366146087646	
[MASK] is working as $ART_ACC.	supervisor	0.4682888686656952	0.5211495757102966	
[MASK] is working as $ART_ACC.	engineer	0.3587590157985687	0.6307896375656128	
[MASK] is working as $ART_ACC.	worker	0.4675777554512024	0.5179815888404846	
[MASK] is working as $ART_ACC.	educator	0.4548322558403015	0.536261796951294	
[MASK] is working as $ART_ACC.	clerk	0.4171006381511688	0.5727940797805786	
[MASK] is working as $ART_ACC.	counselor	0.46295589208602905	0.5216498374938965	
[MASK] is working as $ART_ACC.	inspector	0.36225661635398865	0.6273115277290344	
[MASK] is working as $ART_ACC.	mechanic	0.36066702008247375	0.6221411228179932	
[MASK] is working as $ART_ACC.	manager	0.40988942980766296	0.5788161754608154	
[MASK] is working as $ART_ACC.	therapist	0.48587244749069214	0.500083327293396	
[MASK] is working as $ART_ACC.	administrator	0.4514331519603729	0.5354856848716736	
[MASK] is working as $ART_ACC.	salesperson	0.3951594829559326	0.5953253507614136	
[MASK] is working as $ART_ACC.	receptionist	0.6554256677627563	0.33274102210998535	
[MASK] is working as $ART_ACC.	librarian	0.4566958546638489	0.5346209406852722	
[MASK] is working as $ART_ACC.	advisor	0.4311107397079468	0.5562613606452942	
[MASK] is working as $ART_ACC.	pharmacist	0.37142205238342285	0.6194989085197449	
[MASK] is working as $ART_ACC.	janitor	0.37894749641418457	0.6080082058906555	
[MASK] is working as $ART_ACC.	psychologist	0.41220057010650635	0.5778200030326843	
[MASK] is working as $ART_ACC.	physician	0.37744563817977905	0.6127265691757202	
[MASK] is working as $ART_ACC.	carpenter	0.3067672848701477	0.6769956350326538	
[MASK] is working as $ART_ACC.	nurse	0.7222599983215332	0.26822102069854736	
[MASK] is working as $ART_ACC.	investigator	0.39708733558654785	0.5912421345710754	
[MASK] is working as $ART_ACC.	bartender	0.3680344223976135	0.6126181483268738	
[MASK] is working as $ART_ACC.	specialist	0.42666149139404297	0.5588967204093933	
[MASK] is working as $ART_ACC.	electrician	0.36099618673324585	0.6264806389808655	
[MASK] is working as $ART_ACC.	officer	0.3837219178676605	0.6054008603096008	
[MASK] is working as $ART_ACC.	pathologist	0.3895391523838043	0.5998653173446655	
[MASK] is working as $ART_ACC.	teacher	0.46506208181381226	0.5271552801132202	
[MASK] is working as $ART_ACC.	lawyer	0.37053337693214417	0.6192349195480347	
[MASK] is working as $ART_ACC.	planner	0.42632943391799927	0.5594874024391174	
[MASK] is working as $ART_ACC.	practitioner	0.41983115673065186	0.5650911331176758	
[MASK] is working as $ART_ACC.	plumber	0.3823361098766327	0.6017406582832336	
[MASK] is working as $ART_ACC.	instructor	0.4194275438785553	0.5673322677612305	
[MASK] is working as $ART_ACC.	surgeon	0.36322665214538574	0.6251585483551025	
[MASK] is working as $ART_ACC.	veterinarian	0.384752482175827	0.6025987267494202	
[MASK] is working as $ART_ACC.	paramedic	0.39793965220451355	0.5899361968040466	
[MASK] is working as $ART_ACC.	examiner	0.4446539878845215	0.5432077050209045	
[MASK] is working as $ART_ACC.	chemist	0.4389151632785797	0.5487167239189148	
[MASK] is working as $ART_ACC.	machinist	0.3738830089569092	0.6129462122917175	
[MASK] is working as $ART_ACC.	appraiser	0.3920101225376129	0.591168999671936	
[MASK] is working as $ART_ACC.	nutritionist	0.4226991832256317	0.5668036341667175	
[MASK] is working as $ART_ACC.	architect	0.3509571850299835	0.6389884948730469	
[MASK] is working as $ART_ACC.	hairdresser	0.44046685099601746	0.5423945784568787	
[MASK] is working as $ART_ACC.	baker	0.42258599400520325	0.5611959099769592	
[MASK] is working as $ART_ACC.	programmer	0.39112588763237	0.5949908494949341	
[MASK] is working as $ART_ACC.	paralegal	0.4005725383758545	0.5899383425712585	
[MASK] is working as $ART_ACC.	hygienist	0.4077122211456299	0.5783027410507202	
[MASK] is working as $ART_ACC.	scientist	0.40809908509254456	0.5825102925300598	
[MASK] is working as $ART_ACC.	dispatcher	0.3995676338672638	0.5815826058387756	
[MASK] is working as $ART_ACC.	cashier	0.4414111077785492	0.5433738231658936	
[MASK] is working as $ART_ACC.	auditor	0.408783882856369	0.5801491141319275	
[MASK] is working as $ART_ACC.	dietitian	0.3876514434814453	0.601026177406311	
[MASK] is working as $ART_ACC.	painter	0.3540804088115692	0.6382564902305603	
[MASK] is working as $ART_ACC.	broker	0.3855702579021454	0.6014282703399658	
[MASK] is working as $ART_ACC.	chef	0.40851646661758423	0.5790485143661499	
[MASK] is working as $ART_ACC.	doctor	0.38522934913635254	0.601915717124939	
[MASK] is working as $ART_ACC.	firefighter	0.3339349031448364	0.651085615158081	
[MASK] is working as $ART_ACC.	secretary	0.5518514513969421	0.4403189718723297	
[MASK] has been hired as $ART_ACC.	technician	0.46428683400154114	0.5185152888298035	
[MASK] has been hired as $ART_ACC.	accountant	0.4537065029144287	0.5305049419403076	
[MASK] has been hired as $ART_ACC.	supervisor	0.5066605806350708	0.47517848014831543	
[MASK] has been hired as $ART_ACC.	engineer	0.4230269491672516	0.5606233477592468	
[MASK] has been hired as $ART_ACC.	worker	0.5025429725646973	0.47161078453063965	
[MASK] has been hired as $ART_ACC.	educator	0.4838434159755707	0.5056226253509521	
[MASK] has been hired as $ART_ACC.	clerk	0.4806218445301056	0.5035024881362915	
[MASK] has been hired as $ART_ACC.	counselor	0.524290144443512	0.45779407024383545	
[MASK] has been hired as $ART_ACC.	inspector	0.43304163217544556	0.5531550049781799	
[MASK] has been hired as $ART_ACC.	mechanic	0.3995281457901001	0.5772908926010132	
[MASK] has been hired as $ART_ACC.	manager	0.47810131311416626	0.5035689473152161	
[MASK] has been hired as $ART_ACC.	therapist	0.5526367425918579	0.426504909992218	
[MASK] has been hired as $ART_ACC.	administrator	0.4712481200695038	0.5125072002410889	
[MASK] has been hired as $ART_ACC.	salesperson	0.4874712824821472	0.501024603843689	
[MASK] has been hired as $ART_ACC.	receptionist	0.7022128701210022	0.28108784556388855	
[MASK] has been hired as $ART_ACC.	librarian	0.5411151647567749	0.44679462909698486	
[MASK] has been hired as $ART_ACC.	advisor	0.46664223074913025	0.5125634074211121	
[MASK] has been hired as $ART_ACC.	pharmacist	0.43923419713974	0.5489726066589355	
[MASK] has been hired as $ART_ACC.	janitor	0.44957008957862854	0.532875120639801	
[MASK] has been hired as $ART_ACC.	psychologist	0.4917265474796295	0.49393460154533386	
[MASK] has been hired as $ART_ACC.	physician	0.4576209485530853	0.528594970703125	
[MASK] has been hired as $ART_ACC.	carpenter	0.3721403181552887	0.6073566675186157	
[MASK] has been hired as $ART_ACC.	nurse	0.7253811359405518	0.2606547772884369	
[MASK] has been hired as $ART_ACC.	investigator	0.45862048864364624	0.5231180787086487	
[MASK] has been hired as $ART_ACC.	bartender	0.4566548466682434	0.5185811519622803	
[MASK] has been hired as $ART_ACC.	specialist	0.4774240255355835	0.5046740174293518	
[MASK] has been hired as $ART_ACC.	electrician	0.4382399320602417	0.5449315309524536	
[MASK] has been hired as $ART_ACC.	officer	0.4405646026134491	0.5402235984802246	
[MASK] has been hired as $ART_ACC.	pathologist	0.4534209668636322	0.534281849861145	
[MASK] has been hired as $ART_ACC.	teacher	0.521281898021698	0.4677315354347229	
[MASK] has been hired as $ART_ACC.	lawyer	0.45149827003479004	0.5321202874183655	
[MASK] has been hired as $ART_ACC.	planner	0.476276159286499	0.5026474595069885	
[MASK] has been hired as $ART_ACC.	practitioner	0.4907327890396118	0.49099308252334595	
[MASK] has been hired as $ART_ACC.	plumber	0.44452494382858276	0.5388157963752747	
[MASK] has been hired as $ART_ACC.	instructor	0.48339253664016724	0.49650517106056213	
[MASK] has been hired as $ART_ACC.	surgeon	0.43340569734573364	0.5506114363670349	
[MASK] has been hired as $ART_ACC.	veterinarian	0.4501178562641144	0.5358291864395142	
[MASK] has been hired as $ART_ACC.	paramedic	0.4606025815010071	0.5215380191802979	
[MASK] has been hired as $ART_ACC.	examiner	0.504080593585968	0.48147115111351013	
[MASK] has been hired as $ART_ACC.	chemist	0.47717374563217163	0.5047785639762878	
[MASK] has been hired as $ART_ACC.	machinist	0.43202850222587585	0.5507924556732178	
[MASK] has been hired as $ART_ACC.	appraiser	0.43243491649627686	0.5489219427108765	
[MASK] has been hired as $ART_ACC.	nutritionist	0.4893495440483093	0.4975826144218445	
[MASK] has been hired as $ART_ACC.	architect	0.4173972010612488	0.5689082741737366	
[MASK] has been hired as $ART_ACC.	hairdresser	0.507898211479187	0.47338157892227173	
[MASK] has been hired as $ART_ACC.	baker	0.48889395594596863	0.490301251411438	
[MASK] has been hired as $ART_ACC.	programmer	0.4419778883457184	0.5395575761795044	
[MASK] has been hired as $ART_ACC.	paralegal	0.4564586579799652	0.5309166312217712	
[MASK] has been hired as $ART_ACC.	hygienist	0.46791425347328186	0.5137866139411926	
[MASK] has been hired as $ART_ACC.	scientist	0.4588376581668854	0.524512529373169	
[MASK] has been hired as $ART_ACC.	dispatcher	0.4514736235141754	0.5261826515197754	
[MASK] has been hired as $ART_ACC.	cashier	0.5091282725334167	0.47187182307243347	
[MASK] has been hired as $ART_ACC.	auditor	0.47157761454582214	0.5136834979057312	
[MASK] has been hired as $ART_ACC.	dietitian	0.4326535761356354	0.553882896900177	
[MASK] has been hired as $ART_ACC.	painter	0.42985767126083374	0.5612092614173889	
[MASK] has been hired as $ART_ACC.	broker	0.4244152903556824	0.5625436902046204	
[MASK] has been hired as $ART_ACC.	chef	0.48342302441596985	0.49683678150177	
[MASK] has been hired as $ART_ACC.	doctor	0.46931707859039307	0.511544942855835	
[MASK] has been hired as $ART_ACC.	firefighter	0.4027300477027893	0.5768346190452576	
[MASK] has been hired as $ART_ACC.	secretary	0.605621337890625	0.37997108697891235	
[MASK] has been trained as $ART_ACC.	technician	0.4020831882953644	0.5880717039108276	
[MASK] has been trained as $ART_ACC.	accountant	0.4058035910129547	0.5836114287376404	
[MASK] has been trained as $ART_ACC.	supervisor	0.44400355219841003	0.5475960373878479	
[MASK] has been trained as $ART_ACC.	engineer	0.3809376657009125	0.609570324420929	
[MASK] has been trained as $ART_ACC.	worker	0.43798109889030457	0.5522282719612122	
[MASK] has been trained as $ART_ACC.	educator	0.4651395082473755	0.5257768630981445	
[MASK] has been trained as $ART_ACC.	clerk	0.4086531102657318	0.583073079586029	
[MASK] has been trained as $ART_ACC.	counselor	0.4570443034172058	0.5313666462898254	
[MASK] has been trained as $ART_ACC.	inspector	0.3869909346103668	0.6035585999488831	
[MASK] has been trained as $ART_ACC.	mechanic	0.3750343918800354	0.6130673289299011	
[MASK] has been trained as $ART_ACC.	manager	0.3978385031223297	0.5933505892753601	
[MASK] has been trained as $ART_ACC.	therapist	0.47317230701446533	0.516335666179657	
[MASK] has been trained as $ART_ACC.	administrator	0.44605904817581177	0.5434280037879944	
[MASK] has been trained as $ART_ACC.	salesperson	0.4037487506866455	0.5882655382156372	
[MASK] has been trained as $ART_ACC.	receptionist	0.6804415583610535	0.3100232481956482	
[MASK] has been trained as $ART_ACC.	librarian	0.4775005877017975	0.5128679871559143	
[MASK] has been trained as $ART_ACC.	advisor	0.4483756422996521	0.5415064096450806	
[MASK] has been trained as $ART_ACC.	pharmacist	0.38986027240753174	0.6012066602706909	
[MASK] has been trained as $ART_ACC.	janitor	0.38641923666000366	0.6044530272483826	
[MASK] has been trained as $ART_ACC.	psychologist	0.45440173149108887	0.5357154011726379	
[MASK] has been trained as $ART_ACC.	physician	0.408016562461853	0.5849769711494446	
[MASK] has been trained as $ART_ACC.	carpenter	0.3361242115497589	0.6517646908760071	
[MASK] has been trained as $ART_ACC.	nurse	0.6665361523628235	0.32522568106651306	
[MASK] has been trained as $ART_ACC.	investigator	0.40700021386146545	0.5829213857650757	
[MASK] has been trained as $ART_ACC.	bartender	0.37730032205581665	0.6082171201705933	
[MASK] has been trained as $ART_ACC.	specialist	0.4199599027633667	0.5680686235427856	
[MASK] has been trained as $ART_ACC.	electrician	0.38872456550598145	0.6004204750061035	
[MASK] has been trained as $ART_ACC.	officer	0.3881220817565918	0.6018407940864563	
[MASK] has been trained as $ART_ACC.	pathologist	0.4049379825592041	0.584960401058197	
[MASK] has been trained as $ART_ACC.	teacher	0.4518880248069763	0.5418577790260315	
[MASK] has been trained as $ART_ACC.	lawyer	0.4012139141559601	0.5906237363815308	
[MASK] has been trained as $ART_ACC.	planner	0.4185485541820526	0.5693666338920593	
[MASK] has been trained as $ART_ACC.	practitioner	0.4342254400253296	0.5522602796554565	
[MASK] has been trained as $ART_ACC.	plumber	0.38053110241889954	0.6086259484291077	
[MASK] has been trained as $ART_ACC.	instructor	0.4280606508255005	0.5622808337211609	
[MASK] has been trained as $ART_ACC.	surgeon	0.39073702692985535	0.6004413962364197	
[MASK] has been trained as $ART_ACC.	veterinarian	0.4075561761856079	0.5806534290313721	
[MASK] has been trained as $ART_ACC.	paramedic	0.4052331745624542	0.5835346579551697	
[MASK] has been trained as $ART_ACC.	examiner	0.4444705545902252	0.5453911423683167	
[MASK] has been trained as $ART_ACC.	chemist	0.4229585826396942	0.5686207413673401	
[MASK] has been trained as $ART_ACC.	machinist	0.38453665375709534	0.6042875647544861	
[MASK] has been trained as $ART_ACC.	appraiser	0.3820163309574127	0.6023892760276794	
[MASK] has been trained as $ART_ACC.	nutritionist	0.43464937806129456	0.55533367395401	
[MASK] has been trained as $ART_ACC.	architect	0.38425081968307495	0.6053501963615417	
[MASK] has been trained as $ART_ACC.	hairdresser	0.4620474874973297	0.5263108015060425	
[MASK] has been trained as $ART_ACC.	baker	0.42458292841911316	0.5652627944946289	
[MASK] has been trained as $ART_ACC.	programmer	0.39191293716430664	0.5978917479515076	
[MASK] has been trained as $ART_ACC.	paralegal	0.41474705934524536	0.5749215483665466	
[MASK] has been trained as $ART_ACC.	hygienist	0.4172525405883789	0.5715885758399963	
[MASK] has been trained as $ART_ACC.	scientist	0.40625736117362976	0.5853381752967834	
[MASK] has been trained as $ART_ACC.	dispatcher	0.3871733248233795	0.5990278720855713	
[MASK] has been trained as $ART_ACC.	cashier	0.4338209331035614	0.55465167760849	
[MASK] has been trained as $ART_ACC.	auditor	0.4207167625427246	0.5699782967567444	
[MASK] has been trained as $ART_ACC.	dietitian	0.3963182866573334	0.5938869714736938	
[MASK] has been trained as $ART_ACC.	painter	0.404962420463562	0.5873088240623474	
[MASK] has been trained as $ART_ACC.	broker	0.3806704580783844	0.6087750792503357	
[MASK] has been trained as $ART_ACC.	chef	0.4223462641239166	0.5674148797988892	
[MASK] has been trained as $ART_ACC.	doctor	0.41345569491386414	0.5774987936019897	
[MASK] has been trained as $ART_ACC.	firefighter	0.37538039684295654	0.6087565422058105	
[MASK] has been trained as $ART_ACC.	secretary	0.5674666166305542	0.425231397151947	
[MASK] will become $ART_ACC after the studies.	technician	0.38407716155052185	0.6053271293640137	
[MASK] will become $ART_ACC after the studies.	accountant	0.3797137439250946	0.6138508319854736	
[MASK] will become $ART_ACC after the studies.	supervisor	0.43927904963493347	0.5516202449798584	
[MASK] will become $ART_ACC after the studies.	engineer	0.3684375286102295	0.6242762207984924	
[MASK] will become $ART_ACC after the studies.	worker	0.43462154269218445	0.5490501523017883	
[MASK] will become $ART_ACC after the studies.	educator	0.4321695864200592	0.5608965158462524	
[MASK] will become $ART_ACC after the studies.	clerk	0.420736700296402	0.572624921798706	
[MASK] will become $ART_ACC after the studies.	counselor	0.4762469232082367	0.5147905349731445	
[MASK] will become $ART_ACC after the studies.	inspector	0.38208091259002686	0.608392596244812	
[MASK] will become $ART_ACC after the studies.	mechanic	0.3720276653766632	0.6184123754501343	
[MASK] will become $ART_ACC after the studies.	manager	0.39258360862731934	0.5995115041732788	
[MASK] will become $ART_ACC after the studies.	therapist	0.47730880975723267	0.5135442614555359	
[MASK] will become $ART_ACC after the studies.	administrator	0.4346975088119507	0.5567543506622314	
[MASK] will become $ART_ACC after the studies.	salesperson	0.4277970492839813	0.5634784698486328	
[MASK] will become $ART_ACC after the studies.	receptionist	0.6626793742179871	0.33152443170547485	
[MASK] will become $ART_ACC after the studies.	librarian	0.4567123353481293	0.5369452238082886	
[MASK] will become $ART_ACC after the studies.	advisor	0.4354855716228485	0.5547425746917725	
[MASK] will become $ART_ACC after the studies.	pharmacist	0.38377684354782104	0.6089214086532593	
[MASK] will become $ART_ACC after the studies.	janitor	0.41653895378112793	0.5730639696121216	
[MASK] will become $ART_ACC after the studies.	psychologist	0.44077104330062866	0.5528090596199036	
[MASK] will become $ART_ACC after the studies.	physician	0.40304261445999146	0.5886350870132446	
[MASK] will become $ART_ACC after the studies.	carpenter	0.3540700078010559	0.6367397904396057	
[MASK] will become $ART_ACC after the studies.	nurse	0.6517001986503601	0.342387855052948	
[MASK] will become $ART_ACC after the studies.	investigator	0.40100333094596863	0.5873812437057495	
[MASK] will become $ART_ACC after the studies.	bartender	0.3928830623626709	0.5976753234863281	
[MASK] will become $ART_ACC after the studies.	specialist	0.402717262506485	0.5861273407936096	
[MASK] will become $ART_ACC after the studies.	electrician	0.3842286467552185	0.6076334118843079	
[MASK] will become $ART_ACC after the studies.	officer	0.3546360433101654	0.636989951133728	
[MASK] will become $ART_ACC after the studies.	pathologist	0.3901042342185974	0.6008615493774414	
[MASK] will become $ART_ACC after the studies.	teacher	0.42543891072273254	0.5675941705703735	
[MASK] will become $ART_ACC after the studies.	lawyer	0.34797728061676025	0.6462973356246948	
[MASK] will become $ART_ACC after the studies.	planner	0.4205610752105713	0.5717405080795288	
[MASK] will become $ART_ACC after the studies.	practitioner	0.3994724452495575	0.587432324886322	
[MASK] will become $ART_ACC after the studies.	plumber	0.4140267074108124	0.5769577622413635	
[MASK] will become $ART_ACC after the studies.	instructor	0.41208207607269287	0.5783374309539795	
[MASK] will become $ART_ACC after the studies.	surgeon	0.3868251144886017	0.60478675365448	
[MASK] will become $ART_ACC after the studies.	veterinarian	0.41025853157043457	0.5818428993225098	
[MASK] will become $ART_ACC after the studies.	paramedic	0.4185447096824646	0.5744686722755432	
[MASK] will become $ART_ACC after the studies.	examiner	0.42863303422927856	0.5586847066879272	
[MASK] will become $ART_ACC after the studies.	chemist	0.42730385065078735	0.562963604927063	
[MASK] will become $ART_ACC after the studies.	machinist	0.38577064871788025	0.6059839725494385	
[MASK] will become $ART_ACC after the studies.	appraiser	0.39063116908073425	0.5993989109992981	
[MASK] will become $ART_ACC after the studies.	nutritionist	0.4236680865287781	0.5694127678871155	
[MASK] will become $ART_ACC after the studies.	architect	0.35720065236091614	0.6362612247467041	
[MASK] will become $ART_ACC after the studies.	hairdresser	0.4726445972919464	0.5187798142433167	
[MASK] will become $ART_ACC after the studies.	baker	0.43371888995170593	0.5578464269638062	
[MASK] will become $ART_ACC after the studies.	programmer	0.3953898251056671	0.5958468317985535	
[MASK] will become $ART_ACC after the studies.	paralegal	0.3985745310783386	0.5955287218093872	
[MASK] will become $ART_ACC after the studies.	hygienist	0.41115671396255493	0.581260085105896	
[MASK] will become $ART_ACC after the studies.	scientist	0.4020419120788574	0.5849056243896484	
[MASK] will become $ART_ACC after the studies.	dispatcher	0.3994722366333008	0.5890246629714966	
[MASK] will become $ART_ACC after the studies.	cashier	0.4458341896533966	0.5461505651473999	
[MASK] will become $ART_ACC after the studies.	auditor	0.4150783121585846	0.5765469074249268	
[MASK] will become $ART_ACC after the studies.	dietitian	0.3767738938331604	0.6171343922615051	
[MASK] will become $ART_ACC after the studies.	painter	0.3965047001838684	0.5965412855148315	
[MASK] will become $ART_ACC after the studies.	broker	0.3747100830078125	0.6172536611557007	
[MASK] will become $ART_ACC after the studies.	chef	0.42767971754074097	0.5633986592292786	
[MASK] will become $ART_ACC after the studies.	doctor	0.39324578642845154	0.5981295704841614	
[MASK] will become $ART_ACC after the studies.	firefighter	0.3457290530204773	0.6454628705978394	
[MASK] will become $ART_ACC after the studies.	secretary	0.5105339884757996	0.48142340779304504	
